"","data_source","ar1","SD","skew","lake","res","method","computation","troph_level"
"1","copepotide-i",0.142857142857143,-0.208791208791209,-0.384615384615385,"Kinneret","Yearly","univariate EWS","rolling","phytoplankton"
"2","copepotide-i",0.598,0.382,0.21,"Kinneret","Yearly","univariate EWS","rolling","phytoplankton"
"3","copepotide-ii",-0.538461538461538,-0.868131868131868,0.494505494505495,"Kinneret","Yearly","univariate EWS","rolling","phytoplankton"
"4","copepotide-ii",0.184,0.006,0.886,"Kinneret","Yearly","univariate EWS","rolling","phytoplankton"
"5","copepotide-iii",0.802197802197802,0.120879120879121,0.384615384615385,"Kinneret","Yearly","univariate EWS","rolling","phytoplankton"
"6","copepotide-iii",0.982,0.61,0.822,"Kinneret","Yearly","univariate EWS","rolling","phytoplankton"
"7","copepotide-iv",0.428571428571429,-0.648351648351648,-0.252747252747253,"Kinneret","Yearly","univariate EWS","rolling","phytoplankton"
"8","copepotide-iv",0.762,0.11,0.344,"Kinneret","Yearly","univariate EWS","rolling","phytoplankton"
"9","copepotide-v",0.230769230769231,-0.934065934065934,-0.340659340659341,"Kinneret","Yearly","univariate EWS","rolling","phytoplankton"
"10","copepotide-v",0.67,0.002,0.292,"Kinneret","Yearly","univariate EWS","rolling","phytoplankton"
"11","cyclopid-N-I-III",0.0769230769230769,-0.89010989010989,0.0549450549450549,"Kinneret","Yearly","univariate EWS","rolling","phytoplankton"
"12","cyclopid-N-I-III",0.556,0.018,0.504,"Kinneret","Yearly","univariate EWS","rolling","phytoplankton"
"13","cyclopoid-N-IV-VI",0.186813186813187,-0.758241758241758,-0.384615384615385,"Kinneret","Yearly","univariate EWS","rolling","phytoplankton"
"14","cyclopoid-N-IV-VI",0.614,0.072,0.21,"Kinneret","Yearly","univariate EWS","rolling","phytoplankton"
"15","Mesocyclops",-0.802197802197802,-0.956043956043956,0.384615384615385,"Kinneret","Yearly","univariate EWS","rolling","phytoplankton"
"16","Mesocyclops",0.03,0.002,0.756,"Kinneret","Yearly","univariate EWS","rolling","phytoplankton"
"17","Thermocyclops",0.010989010989011,-0.824175824175824,0.67032967032967,"Kinneret","Yearly","univariate EWS","rolling","phytoplankton"
"18","Thermocyclops",0.508,0.032,0.948,"Kinneret","Yearly","univariate EWS","rolling","phytoplankton"
"19","Diaphanosoma",-0.472527472527473,-0.934065934065934,-0.0769230769230769,"Kinneret","Yearly","univariate EWS","rolling","phytoplankton"
"20","Diaphanosoma",0.206,0.006,0.516,"Kinneret","Yearly","univariate EWS","rolling","phytoplankton"
"21","Bosmina",0.274725274725275,-0.208791208791209,0.450549450549451,"Kinneret","Yearly","univariate EWS","rolling","phytoplankton"
"22","Bosmina",0.65,0.414,0.878,"Kinneret","Yearly","univariate EWS","rolling","phytoplankton"
"23","Ceriodaphnia",0.538461538461538,-0.692307692307692,-0.274725274725275,"Kinneret","Yearly","univariate EWS","rolling","phytoplankton"
"24","Ceriodaphnia",0.838,0.114,0.32,"Kinneret","Yearly","univariate EWS","rolling","phytoplankton"
"25","Chydorus",-0.0989010989010989,0.912087912087912,-0.428571428571429,"Kinneret","Yearly","univariate EWS","rolling","phytoplankton"
"26","Chydorus",0.42,1,0.244,"Kinneret","Yearly","univariate EWS","rolling","phytoplankton"
"27","Keratella",-0.0549450549450549,-0.978021978021978,0.274725274725275,"Kinneret","Yearly","univariate EWS","rolling","phytoplankton"
"28","Keratella",0.472,0,0.706,"Kinneret","Yearly","univariate EWS","rolling","phytoplankton"
"29","AsplanPriod",0.164835164835165,0.142857142857143,-0.0989010989010989,"Kinneret","Yearly","univariate EWS","rolling","phytoplankton"
"30","AsplanPriod",0.612,0.58,0.432,"Kinneret","Yearly","univariate EWS","rolling","phytoplankton"
"31","SynchOblong",0.582417582417582,-0.824175824175824,-0.164835164835165,"Kinneret","Yearly","univariate EWS","rolling","phytoplankton"
"32","SynchOblong",0.868,0.032,0.408,"Kinneret","Yearly","univariate EWS","rolling","phytoplankton"
"33","Synchaeta",-0.56043956043956,-0.846153846153846,-0.010989010989011,"Kinneret","Yearly","univariate EWS","rolling","phytoplankton"
"34","Synchaeta",0.144,0.03,0.488,"Kinneret","Yearly","univariate EWS","rolling","phytoplankton"
"35","Polyarthra",0.384615384615385,0.89010989010989,0.538461538461538,"Kinneret","Yearly","univariate EWS","rolling","phytoplankton"
"36","Polyarthra",0.734,0.984,0.88,"Kinneret","Yearly","univariate EWS","rolling","phytoplankton"
"37","Ascomorpha",0.516483516483517,-0.494505494505495,-0.296703296703297,"Kinneret","Yearly","univariate EWS","rolling","phytoplankton"
"38","Ascomorpha",0.868,0.174,0.31,"Kinneret","Yearly","univariate EWS","rolling","phytoplankton"
"39","Hexarthra",-0.274725274725275,-0.384615384615385,-0.142857142857143,"Kinneret","Yearly","univariate EWS","rolling","phytoplankton"
"40","Hexarthra",0.308,0.314,0.388,"Kinneret","Yearly","univariate EWS","rolling","phytoplankton"
"41","Brachionus",-0.120879120879121,-0.978021978021978,0.802197802197802,"Kinneret","Yearly","univariate EWS","rolling","phytoplankton"
"42","Brachionus",0.448,0,0.986,"Kinneret","Yearly","univariate EWS","rolling","phytoplankton"
"43","Anuraeopsis",-0.428571428571429,1,0.384615384615385,"Kinneret","Yearly","univariate EWS","rolling","phytoplankton"
"44","Anuraeopsis",0.188,1,0.76,"Kinneret","Yearly","univariate EWS","rolling","phytoplankton"
"45","Alona",0.388888888888889,-0.111111111111111,-0.166666666666667,"Kasumigaura","Yearly","univariate EWS","rolling","phytoplankton"
"46","Alona",0.788,0.436,0.388,"Kasumigaura","Yearly","univariate EWS","rolling","phytoplankton"
"47","Anuraeopsis",0.0555555555555556,1,-0.111111111111111,"Kasumigaura","Yearly","univariate EWS","rolling","phytoplankton"
"48","Anuraeopsis",0.544,1,0.412,"Kasumigaura","Yearly","univariate EWS","rolling","phytoplankton"
"49","Asplanchna",0.555555555555556,0.666666666666667,-0.0555555555555556,"Kasumigaura","Yearly","univariate EWS","rolling","phytoplankton"
"50","Asplanchna",0.858,0.868,0.468,"Kasumigaura","Yearly","univariate EWS","rolling","phytoplankton"
"51","Bosmina",-0.5,-0.777777777777778,-0.111111111111111,"Kasumigaura","Yearly","univariate EWS","rolling","phytoplankton"
"52","Bosmina",0.234,0.068,0.402,"Kasumigaura","Yearly","univariate EWS","rolling","phytoplankton"
"53","Brachionus",-0.166666666666667,0.722222222222222,0.5,"Kasumigaura","Yearly","univariate EWS","rolling","phytoplankton"
"54","Brachionus",0.408,0.928,0.862,"Kasumigaura","Yearly","univariate EWS","rolling","phytoplankton"
"55","Calanoida",0.0666666666666667,1,-0.466666666666667,"Kasumigaura","Yearly","univariate EWS","rolling","phytoplankton"
"56","Calanoida",0.542,1,0.248,"Kasumigaura","Yearly","univariate EWS","rolling","phytoplankton"
"57","Ceriodaphnia",-0.444444444444445,-0.722222222222222,0.388888888888889,"Kasumigaura","Yearly","univariate EWS","rolling","phytoplankton"
"58","Ceriodaphnia",0.234,0.114,0.768,"Kasumigaura","Yearly","univariate EWS","rolling","phytoplankton"
"59","Chydorus",0.333333333333333,-0.944444444444445,0.277777777777778,"Kasumigaura","Yearly","univariate EWS","rolling","phytoplankton"
"60","Chydorus",0.714,0.014,0.714,"Kasumigaura","Yearly","univariate EWS","rolling","phytoplankton"
"61","Conochiloides",-0.555555555555556,-0.5,0.166666666666667,"Kasumigaura","Yearly","univariate EWS","rolling","phytoplankton"
"62","Conochiloides",0.14,0.24,0.66,"Kasumigaura","Yearly","univariate EWS","rolling","phytoplankton"
"63","Conochilus",-0.111111111111111,0.944444444444445,0.5,"Kasumigaura","Yearly","univariate EWS","rolling","phytoplankton"
"64","Conochilus",0.43,0.992,0.844,"Kasumigaura","Yearly","univariate EWS","rolling","phytoplankton"
"65","Cyclopoida",0.0666666666666667,1,-0.466666666666667,"Kasumigaura","Yearly","univariate EWS","rolling","phytoplankton"
"66","Cyclopoida",0.541082164328657,1,0.210420841683367,"Kasumigaura","Yearly","univariate EWS","rolling","phytoplankton"
"67","Cyclops",-0.0555555555555556,-1,0.611111111111111,"Kasumigaura","Yearly","univariate EWS","rolling","phytoplankton"
"68","Cyclops",0.44,0.006,0.912,"Kasumigaura","Yearly","univariate EWS","rolling","phytoplankton"
"69","Daphnia",0.888888888888889,0.722222222222222,-0.111111111111111,"Kasumigaura","Yearly","univariate EWS","rolling","phytoplankton"
"70","Daphnia",0.994,0.918,0.462,"Kasumigaura","Yearly","univariate EWS","rolling","phytoplankton"
"71","Diaphanosoma",0.5,-0.166666666666667,-0.722222222222222,"Kasumigaura","Yearly","univariate EWS","rolling","phytoplankton"
"72","Diaphanosoma",0.834,0.43,0.06,"Kasumigaura","Yearly","univariate EWS","rolling","phytoplankton"
"73","Eodiaptomus",0.444444444444445,-0.888888888888889,-0.0555555555555556,"Kasumigaura","Yearly","univariate EWS","rolling","phytoplankton"
"74","Eodiaptomus",0.786,0.03,0.446,"Kasumigaura","Yearly","univariate EWS","rolling","phytoplankton"
"75","Euchlanis",-0.111111111111111,0.333333333333333,0.444444444444445,"Kasumigaura","Yearly","univariate EWS","rolling","phytoplankton"
"76","Euchlanis",0.472,0.702,0.818,"Kasumigaura","Yearly","univariate EWS","rolling","phytoplankton"
"77","Filinia",-0.444444444444445,0.555555555555556,-0.333333333333333,"Kasumigaura","Yearly","univariate EWS","rolling","phytoplankton"
"78","Filinia",0.214,0.82,0.266,"Kasumigaura","Yearly","univariate EWS","rolling","phytoplankton"
"79","Hexarthra",0.444444444444445,-0.944444444444445,0.388888888888889,"Kasumigaura","Yearly","univariate EWS","rolling","phytoplankton"
"80","Hexarthra",0.82,0.02,0.79,"Kasumigaura","Yearly","univariate EWS","rolling","phytoplankton"
"81","Keratella",-0.833333333333333,1,0.222222222222222,"Kasumigaura","Yearly","univariate EWS","rolling","phytoplankton"
"82","Keratella",0.012,1,0.704,"Kasumigaura","Yearly","univariate EWS","rolling","phytoplankton"
"83","Moina",0.444444444444445,-0.722222222222222,-0.666666666666667,"Kasumigaura","Yearly","univariate EWS","rolling","phytoplankton"
"84","Moina",0.81,0.114,0.088,"Kasumigaura","Yearly","univariate EWS","rolling","phytoplankton"
"85","Pleuroxus",-0.142857142857143,1,0.142857142857143,"Kasumigaura","Yearly","univariate EWS","rolling","phytoplankton"
"86","Pleuroxus",0.436,1,0.588,"Kasumigaura","Yearly","univariate EWS","rolling","phytoplankton"
"87","Polyarthra",-0.111111111111111,0.944444444444445,0.222222222222222,"Kasumigaura","Yearly","univariate EWS","rolling","phytoplankton"
"88","Polyarthra",0.424,0.996,0.68,"Kasumigaura","Yearly","univariate EWS","rolling","phytoplankton"
"89","Pompholyx",-0.277777777777778,0.722222222222222,0.666666666666667,"Kasumigaura","Yearly","univariate EWS","rolling","phytoplankton"
"90","Pompholyx",0.296,0.92,0.928,"Kasumigaura","Yearly","univariate EWS","rolling","phytoplankton"
"91","Pseudodiaptomus",0.0555555555555556,-1,0.388888888888889,"Kasumigaura","Yearly","univariate EWS","rolling","phytoplankton"
"92","Pseudodiaptomus",0.544,0,0.776,"Kasumigaura","Yearly","univariate EWS","rolling","phytoplankton"
"93","Synchaeta",0.166666666666667,0.0555555555555556,0.277777777777778,"Kasumigaura","Yearly","univariate EWS","rolling","phytoplankton"
"94","Synchaeta",0.608,0.53,0.694,"Kasumigaura","Yearly","univariate EWS","rolling","phytoplankton"
"95","Thermocyclops",-0.611111111111111,-0.888888888888889,-0.111111111111111,"Kasumigaura","Yearly","univariate EWS","rolling","phytoplankton"
"96","Thermocyclops",0.09,0.032,0.478,"Kasumigaura","Yearly","univariate EWS","rolling","phytoplankton"
"97","Alona",-0.161904761904762,0.961904761904762,-0.257142857142857,"Lower Zurich","Yearly","univariate EWS","rolling","phytoplankton"
"98","Alona",0.408,1,0.36,"Lower Zurich","Yearly","univariate EWS","rolling","phytoplankton"
"99","Asplanchna",0.314285714285714,-0.0666666666666667,-0.219047619047619,"Lower Zurich","Yearly","univariate EWS","rolling","phytoplankton"
"100","Asplanchna",0.728,0.456,0.378,"Lower Zurich","Yearly","univariate EWS","rolling","phytoplankton"
"101","Bosmina",-0.79047619047619,-0.752380952380952,0.333333333333333,"Lower Zurich","Yearly","univariate EWS","rolling","phytoplankton"
"102","Bosmina",0.04,0.052,0.764,"Lower Zurich","Yearly","univariate EWS","rolling","phytoplankton"
"103","Bythotrephes",-0.619047619047619,-0.695238095238095,-0.542857142857143,"Lower Zurich","Yearly","univariate EWS","rolling","phytoplankton"
"104","Bythotrephes",0.132,0.104,0.11,"Lower Zurich","Yearly","univariate EWS","rolling","phytoplankton"
"105","Canthocamptus",0.104761904761905,-0.733333333333333,-0.123809523809524,"Lower Zurich","Yearly","univariate EWS","rolling","phytoplankton"
"106","Canthocamptus",0.598,0.116,0.452,"Lower Zurich","Yearly","univariate EWS","rolling","phytoplankton"
"107","Ceriodaphnia",-0.561904761904762,-0.714285714285714,-0.00952380952380952,"Lower Zurich","Yearly","univariate EWS","rolling","phytoplankton"
"108","Ceriodaphnia",0.144,0.094,0.482,"Lower Zurich","Yearly","univariate EWS","rolling","phytoplankton"
"109","Chaoborus",0.219047619047619,1,-0.00952380952380952,"Lower Zurich","Yearly","univariate EWS","rolling","phytoplankton"
"110","Chaoborus",0.596,1,0.468,"Lower Zurich","Yearly","univariate EWS","rolling","phytoplankton"
"111","Cyclops",0.219047619047619,-0.752380952380952,-0.0666666666666667,"Lower Zurich","Yearly","univariate EWS","rolling","phytoplankton"
"112","Cyclops",0.624,0.088,0.47,"Lower Zurich","Yearly","univariate EWS","rolling","phytoplankton"
"113","Daphnia",0.371428571428571,-0.80952380952381,-0.428571428571429,"Lower Zurich","Yearly","univariate EWS","rolling","phytoplankton"
"114","Daphnia",0.716,0.042,0.222,"Lower Zurich","Yearly","univariate EWS","rolling","phytoplankton"
"115","Daphniidae",0.40952380952381,-0.942857142857143,0.161904761904762,"Lower Zurich","Yearly","univariate EWS","rolling","phytoplankton"
"116","Daphniidae",0.772,0.004,0.62,"Lower Zurich","Yearly","univariate EWS","rolling","phytoplankton"
"117","Diacyclops",-0.6,-0.961904761904762,-0.00952380952380952,"Lower Zurich","Yearly","univariate EWS","rolling","phytoplankton"
"118","Diacyclops",0.094,0,0.498,"Lower Zurich","Yearly","univariate EWS","rolling","phytoplankton"
"119","Diaphanosoma",-0.219047619047619,0.657142857142857,0.619047619047619,"Lower Zurich","Yearly","univariate EWS","rolling","phytoplankton"
"120","Diaphanosoma",0.376,0.87,0.908,"Lower Zurich","Yearly","univariate EWS","rolling","phytoplankton"
"121","Diaptomus",-0.771428571428572,-0.714285714285714,-0.0666666666666667,"Lower Zurich","Yearly","univariate EWS","rolling","phytoplankton"
"122","Diaptomus",0.036,0.082,0.404,"Lower Zurich","Yearly","univariate EWS","rolling","phytoplankton"
"123","Eudiaptomus",-0.161904761904762,-0.942857142857143,-0.238095238095238,"Lower Zurich","Yearly","univariate EWS","rolling","phytoplankton"
"124","Eudiaptomus",0.408,0,0.368,"Lower Zurich","Yearly","univariate EWS","rolling","phytoplankton"
"125","Leptodora",0.0476190476190476,-0.866666666666667,-0.219047619047619,"Lower Zurich","Yearly","univariate EWS","rolling","phytoplankton"
"126","Leptodora",0.532,0.014,0.354,"Lower Zurich","Yearly","univariate EWS","rolling","phytoplankton"
"127","Megacyclops",0.314285714285714,0.752380952380952,0.466666666666667,"Lower Zurich","Yearly","univariate EWS","rolling","phytoplankton"
"128","Megacyclops",0.706,0.93,0.864,"Lower Zurich","Yearly","univariate EWS","rolling","phytoplankton"
"129","Mesocyclops",-0.238095238095238,0.523809523809524,0.123809523809524,"Lower Zurich","Yearly","univariate EWS","rolling","phytoplankton"
"130","Mesocyclops",0.346,0.802,0.58,"Lower Zurich","Yearly","univariate EWS","rolling","phytoplankton"
"131","Polyphemus",-0.2,1,0.580952380952381,"Lower Zurich","Yearly","univariate EWS","rolling","phytoplankton"
"132","Polyphemus",0.378,1,0.86,"Lower Zurich","Yearly","univariate EWS","rolling","phytoplankton"
"133","ACANTHOCYCLOPS",0.428571428571429,-1,-0.428571428571429,"Mendota","Yearly","univariate EWS","rolling","phytoplankton"
"134","ACANTHOCYCLOPS",0.78,0.004,0.23,"Mendota","Yearly","univariate EWS","rolling","phytoplankton"
"135","AGLAODIAPTOMUS",0,0.785714285714286,0.785714285714286,"Mendota","Yearly","univariate EWS","rolling","phytoplankton"
"136","AGLAODIAPTOMUS",0.47,0.928,0.968,"Mendota","Yearly","univariate EWS","rolling","phytoplankton"
"137","ALONA",0.214285714285714,-1,-0.142857142857143,"Mendota","Yearly","univariate EWS","rolling","phytoplankton"
"138","ALONA",0.632,0.008,0.444,"Mendota","Yearly","univariate EWS","rolling","phytoplankton"
"139","BYTHOTREPHES",0,0.8,-1,"Mendota","Yearly","univariate EWS","rolling","phytoplankton"
"140","BYTHOTREPHES",0.532128514056225,0.900406504065041,0.0101010101010101,"Mendota","Yearly","univariate EWS","rolling","phytoplankton"
"141","CALANOID",0.571428571428571,-1,-0.285714285714286,"Mendota","Yearly","univariate EWS","rolling","phytoplankton"
"142","CALANOID",0.896,0.002,0.348,"Mendota","Yearly","univariate EWS","rolling","phytoplankton"
"143","CHYDORUS",0.5,-1,-0.0714285714285714,"Mendota","Yearly","univariate EWS","rolling","phytoplankton"
"144","CHYDORUS",0.816,0,0.42,"Mendota","Yearly","univariate EWS","rolling","phytoplankton"
"145","COPEPOD",-0.5,-0.928571428571429,0.142857142857143,"Mendota","Yearly","univariate EWS","rolling","phytoplankton"
"146","COPEPOD",0.208,0.024,0.616,"Mendota","Yearly","univariate EWS","rolling","phytoplankton"
"147","COPEPODITES",-0.571428571428571,1,-0.214285714285714,"Mendota","Yearly","univariate EWS","rolling","phytoplankton"
"148","COPEPODITES",0.122,1,0.356,"Mendota","Yearly","univariate EWS","rolling","phytoplankton"
"149","CYCLOPOID",-0.642857142857143,-0.928571428571429,-0.5,"Mendota","Yearly","univariate EWS","rolling","phytoplankton"
"150","CYCLOPOID",0.144,0.036,0.198,"Mendota","Yearly","univariate EWS","rolling","phytoplankton"
"151","DAPHNIA",-0.142857142857143,0.571428571428571,0.642857142857143,"Mendota","Yearly","univariate EWS","rolling","phytoplankton"
"152","DAPHNIA",0.464,0.822,0.948,"Mendota","Yearly","univariate EWS","rolling","phytoplankton"
"153","DIACYCLOPS",-0.142857142857143,-1,0.5,"Mendota","Yearly","univariate EWS","rolling","phytoplankton"
"154","DIACYCLOPS",0.422,0.002,0.838,"Mendota","Yearly","univariate EWS","rolling","phytoplankton"
"155","DIAPHANOSOMA",-0.571428571428571,-0.857142857142857,-0.214285714285714,"Mendota","Yearly","univariate EWS","rolling","phytoplankton"
"156","DIAPHANOSOMA",0.166,0.03,0.34,"Mendota","Yearly","univariate EWS","rolling","phytoplankton"
"157","DIAPTOMID",0.214285714285714,-0.285714285714286,-0.0714285714285714,"Mendota","Yearly","univariate EWS","rolling","phytoplankton"
"158","DIAPTOMID",0.646,0.364,0.414,"Mendota","Yearly","univariate EWS","rolling","phytoplankton"
"159","HARPACTICOID",0.142857142857143,-0.928571428571429,-0.714285714285714,"Mendota","Yearly","univariate EWS","rolling","phytoplankton"
"160","HARPACTICOID",0.606,0.018,0.076,"Mendota","Yearly","univariate EWS","rolling","phytoplankton"
"161","LEPTODORA",-0.0714285714285714,-0.857142857142857,-0.142857142857143,"Mendota","Yearly","univariate EWS","rolling","phytoplankton"
"162","LEPTODORA",0.494,0.08,0.436,"Mendota","Yearly","univariate EWS","rolling","phytoplankton"
"163","MESOCYCLOPS",-0.214285714285714,-0.642857142857143,-0.571428571428571,"Mendota","Yearly","univariate EWS","rolling","phytoplankton"
"164","MESOCYCLOPS",0.394,0.186,0.158,"Mendota","Yearly","univariate EWS","rolling","phytoplankton"
"165","SINOBOSMINA",-0.428571428571429,0.928571428571429,0.642857142857143,"Mendota","Yearly","univariate EWS","rolling","phytoplankton"
"166","SINOBOSMINA",0.29,0.986,0.918,"Mendota","Yearly","univariate EWS","rolling","phytoplankton"
"167","TROPOCYCLOPS",0.5,0.571428571428571,-0.714285714285714,"Mendota","Yearly","univariate EWS","rolling","phytoplankton"
"168","TROPOCYCLOPS",0.824,0.794,0.088,"Mendota","Yearly","univariate EWS","rolling","phytoplankton"
"169","zoobiomass",-0.709090909090909,0.2,0.418181818181818,"Windermere","Yearly","univariate EWS","rolling","phytoplankton"
"170","zoobiomass",0.09,0.59,0.79,"Windermere","Yearly","univariate EWS","rolling","phytoplankton"
"171","Bosmina",0.745454545454545,0.0181818181818182,-0.454545454545455,"Windermere","Yearly","univariate EWS","rolling","phytoplankton"
"172","Bosmina",0.938,0.536,0.188,"Windermere","Yearly","univariate EWS","rolling","phytoplankton"
"173","Daphnia",-0.818181818181818,-0.0545454545454545,0.2,"Windermere","Yearly","univariate EWS","rolling","phytoplankton"
"174","Daphnia",0.026,0.504,0.664,"Windermere","Yearly","univariate EWS","rolling","phytoplankton"
"175","TotCalanoids",0.163636363636364,-0.890909090909091,-0.0909090909090909,"Windermere","Yearly","univariate EWS","rolling","phytoplankton"
"176","TotCalanoids",0.606,0.016,0.452,"Windermere","Yearly","univariate EWS","rolling","phytoplankton"
"177","TotCyclopoids",-0.381818181818182,0.0909090909090909,0.381818181818182,"Windermere","Yearly","univariate EWS","rolling","phytoplankton"
"178","TotCyclopoids",0.26,0.55,0.838,"Windermere","Yearly","univariate EWS","rolling","phytoplankton"
"179","conochilus",0.238095238095238,0.523809523809524,0.714285714285714,"Washington","Yearly","univariate EWS","rolling","phytoplankton"
"180","conochilus",0.652,0.796,0.958,"Washington","Yearly","univariate EWS","rolling","phytoplankton"
"181","cyclops",-0.447619047619048,-0.752380952380952,-0.180952380952381,"Washington","Yearly","univariate EWS","rolling","phytoplankton"
"182","cyclops",0.254,0.074,0.424,"Washington","Yearly","univariate EWS","rolling","phytoplankton"
"183","daphnia",-0.695238095238095,0.80952380952381,-0.295238095238095,"Washington","Yearly","univariate EWS","rolling","phytoplankton"
"184","daphnia",0.072,0.958,0.294,"Washington","Yearly","univariate EWS","rolling","phytoplankton"
"185","diaptomus",-0.0476190476190476,-0.828571428571429,-0.504761904761905,"Washington","Yearly","univariate EWS","rolling","phytoplankton"
"186","diaptomus",0.478,0.03,0.162,"Washington","Yearly","univariate EWS","rolling","phytoplankton"
"187","epischura",-0.638095238095238,0.580952380952381,0.485714285714286,"Washington","Yearly","univariate EWS","rolling","phytoplankton"
"188","epischura",0.126,0.868,0.866,"Washington","Yearly","univariate EWS","rolling","phytoplankton"
"189","leptodora",-0.0857142857142857,0.619047619047619,-0.695238095238095,"Washington","Yearly","univariate EWS","rolling","phytoplankton"
"190","leptodora",0.486,0.824,0.068,"Washington","Yearly","univariate EWS","rolling","phytoplankton"
"191","neomysis",0.428571428571429,0.295238095238095,0.485714285714286,"Washington","Yearly","univariate EWS","rolling","phytoplankton"
"192","neomysis",0.782,0.694,0.822,"Washington","Yearly","univariate EWS","rolling","phytoplankton"
"193","nonDaphnid.cladocerans",0.504761904761905,-0.638095238095238,0.276190476190476,"Washington","Yearly","univariate EWS","rolling","phytoplankton"
"194","nonDaphnid.cladocerans",0.826,0.15,0.716,"Washington","Yearly","univariate EWS","rolling","phytoplankton"
"195","nc.rotifers",-0.695238095238095,0.733333333333333,-0.00952380952380952,"Washington","Yearly","univariate EWS","rolling","phytoplankton"
"196","nc.rotifers",0.112,0.928,0.506,"Washington","Yearly","univariate EWS","rolling","phytoplankton"
"197","Cyclops",0.523809523809524,-0.714285714285714,-0.428571428571429,"Loch Leven","Yearly","univariate EWS","rolling","phytoplankton"
"198","Cyclops",0.874,0.144,0.188,"Loch Leven","Yearly","univariate EWS","rolling","phytoplankton"
"199","Eudiaptomus",0.904761904761905,0.428571428571429,-0.523809523809524,"Loch Leven","Yearly","univariate EWS","rolling","phytoplankton"
"200","Eudiaptomus",0.996,0.722,0.132,"Loch Leven","Yearly","univariate EWS","rolling","phytoplankton"
"201","Daphnia",0.619047619047619,-0.714285714285714,0.333333333333333,"Loch Leven","Yearly","univariate EWS","rolling","phytoplankton"
"202","Daphnia",0.9,0.13,0.766,"Loch Leven","Yearly","univariate EWS","rolling","phytoplankton"
"203","Alona",-0.0714285714285714,0.928571428571429,-0.285714285714286,"Upper Zurich","Yearly","univariate EWS","rolling","phytoplankton"
"204","Alona",0.418,0.994,0.288,"Upper Zurich","Yearly","univariate EWS","rolling","phytoplankton"
"205","Asplanchna",0.0222222222222222,0.733333333333333,0.333333333333333,"Upper Zurich","Yearly","univariate EWS","rolling","phytoplankton"
"206","Asplanchna",0.574,0.932,0.718,"Upper Zurich","Yearly","univariate EWS","rolling","phytoplankton"
"207","Bosmina",0.6,-0.777777777777778,-0.377777777777778,"Upper Zurich","Yearly","univariate EWS","rolling","phytoplankton"
"208","Bosmina",0.902,0.076,0.222,"Upper Zurich","Yearly","univariate EWS","rolling","phytoplankton"
"209","Bythotrephes",-0.688888888888889,-0.511111111111111,-0.288888888888889,"Upper Zurich","Yearly","univariate EWS","rolling","phytoplankton"
"210","Bythotrephes",0.084,0.252,0.254,"Upper Zurich","Yearly","univariate EWS","rolling","phytoplankton"
"211","Canthocamptus",-0.155555555555556,0.644444444444444,0.777777777777778,"Upper Zurich","Yearly","univariate EWS","rolling","phytoplankton"
"212","Canthocamptus",0.38,0.866,0.986,"Upper Zurich","Yearly","univariate EWS","rolling","phytoplankton"
"213","Ceriodaphnia",-0.688888888888889,-0.511111111111111,-0.777777777777778,"Upper Zurich","Yearly","univariate EWS","rolling","phytoplankton"
"214","Ceriodaphnia",0.074,0.238,0.02,"Upper Zurich","Yearly","univariate EWS","rolling","phytoplankton"
"215","Chaoborus",-0.422222222222222,1,-0.377777777777778,"Upper Zurich","Yearly","univariate EWS","rolling","phytoplankton"
"216","Chaoborus",0.246,1,0.248,"Upper Zurich","Yearly","univariate EWS","rolling","phytoplankton"
"217","Cyclops",0.288888888888889,-0.911111111111111,-0.422222222222222,"Upper Zurich","Yearly","univariate EWS","rolling","phytoplankton"
"218","Cyclops",0.72,0.004,0.196,"Upper Zurich","Yearly","univariate EWS","rolling","phytoplankton"
"219","Daphnia",0.155555555555556,-0.822222222222222,-0.6,"Upper Zurich","Yearly","univariate EWS","rolling","phytoplankton"
"220","Daphnia",0.626,0.04,0.08,"Upper Zurich","Yearly","univariate EWS","rolling","phytoplankton"
"221","Daphniidae",0.2,0.0222222222222222,-0.2,"Upper Zurich","Yearly","univariate EWS","rolling","phytoplankton"
"222","Daphniidae",0.65,0.516,0.362,"Upper Zurich","Yearly","univariate EWS","rolling","phytoplankton"
"223","Diacyclops",-0.466666666666667,-0.377777777777778,0.0222222222222222,"Upper Zurich","Yearly","univariate EWS","rolling","phytoplankton"
"224","Diacyclops",0.156,0.316,0.548,"Upper Zurich","Yearly","univariate EWS","rolling","phytoplankton"
"225","Diaphanosoma",-0.333333333333333,0.288888888888889,0.511111111111111,"Upper Zurich","Yearly","univariate EWS","rolling","phytoplankton"
"226","Diaphanosoma",0.276,0.664,0.868,"Upper Zurich","Yearly","univariate EWS","rolling","phytoplankton"
"227","Diaptomus",-0.733333333333333,-0.688888888888889,-0.0666666666666667,"Upper Zurich","Yearly","univariate EWS","rolling","phytoplankton"
"228","Diaptomus",0.058,0.106,0.47,"Upper Zurich","Yearly","univariate EWS","rolling","phytoplankton"
"229","Eudiaptomus",-0.511111111111111,-1,-0.155555555555556,"Upper Zurich","Yearly","univariate EWS","rolling","phytoplankton"
"230","Eudiaptomus",0.15,0,0.38,"Upper Zurich","Yearly","univariate EWS","rolling","phytoplankton"
"231","Leptodora",0.0222222222222222,-0.911111111111111,-0.333333333333333,"Upper Zurich","Yearly","univariate EWS","rolling","phytoplankton"
"232","Leptodora",0.548,0.01,0.3,"Upper Zurich","Yearly","univariate EWS","rolling","phytoplankton"
"233","Megacyclops",-0.0222222222222222,1,0.0666666666666667,"Upper Zurich","Yearly","univariate EWS","rolling","phytoplankton"
"234","Megacyclops",0.492,1,0.55,"Upper Zurich","Yearly","univariate EWS","rolling","phytoplankton"
"235","Mesocyclops",-0.422222222222222,0.866666666666667,0.377777777777778,"Upper Zurich","Yearly","univariate EWS","rolling","phytoplankton"
"236","Mesocyclops",0.204,0.982,0.816,"Upper Zurich","Yearly","univariate EWS","rolling","phytoplankton"
"237","Polyphemus",0.0666666666666667,1,-0.466666666666667,"Upper Zurich","Yearly","univariate EWS","rolling","phytoplankton"
"238","Polyphemus",0.558,1,0.21,"Upper Zurich","Yearly","univariate EWS","rolling","phytoplankton"
"239","ACANTHOCYCLOPS",0.377777777777778,-0.822222222222222,0.6,"Monona","Yearly","univariate EWS","rolling","phytoplankton"
"240","ACANTHOCYCLOPS",0.758,0.042,0.92,"Monona","Yearly","univariate EWS","rolling","phytoplankton"
"241","AGLAODIAPTOMUS",0.244444444444444,0.466666666666667,0.511111111111111,"Monona","Yearly","univariate EWS","rolling","phytoplankton"
"242","AGLAODIAPTOMUS",0.698,0.758,0.88,"Monona","Yearly","univariate EWS","rolling","phytoplankton"
"243","ALONA",0.422222222222222,-0.955555555555556,0.6,"Monona","Yearly","univariate EWS","rolling","phytoplankton"
"244","ALONA",0.804,0.006,0.904,"Monona","Yearly","univariate EWS","rolling","phytoplankton"
"245","BYTHOTREPHES",-0.155555555555556,1,-0.422222222222222,"Monona","Yearly","univariate EWS","rolling","phytoplankton"
"246","BYTHOTREPHES",0.43,1,0.216,"Monona","Yearly","univariate EWS","rolling","phytoplankton"
"247","CALANOID",-0.142857142857143,-1,0.714285714285714,"Monona","Yearly","univariate EWS","rolling","phytoplankton"
"248","CALANOID",0.402,0,0.908,"Monona","Yearly","univariate EWS","rolling","phytoplankton"
"249","CHYDORUS",-0.288888888888889,-0.777777777777778,0.688888888888889,"Monona","Yearly","univariate EWS","rolling","phytoplankton"
"250","CHYDORUS",0.296,0.06,0.96,"Monona","Yearly","univariate EWS","rolling","phytoplankton"
"251","COPEPOD",-0.244444444444444,-0.644444444444444,0.244444444444444,"Monona","Yearly","univariate EWS","rolling","phytoplankton"
"252","COPEPOD",0.332,0.15,0.73,"Monona","Yearly","univariate EWS","rolling","phytoplankton"
"253","COPEPODITES",-0.288888888888889,1,0.0222222222222222,"Monona","Yearly","univariate EWS","rolling","phytoplankton"
"254","COPEPODITES",0.314,1,0.536,"Monona","Yearly","univariate EWS","rolling","phytoplankton"
"255","CYCLOPOID",0.644444444444444,-0.955555555555556,-0.244444444444444,"Monona","Yearly","univariate EWS","rolling","phytoplankton"
"256","CYCLOPOID",0.942,0.006,0.338,"Monona","Yearly","univariate EWS","rolling","phytoplankton"
"257","DAPHNIA",-0.555555555555556,0.644444444444444,0.555555555555556,"Monona","Yearly","univariate EWS","rolling","phytoplankton"
"258","DAPHNIA",0.152,0.898,0.91,"Monona","Yearly","univariate EWS","rolling","phytoplankton"
"259","DIACYCLOPS",0.377777777777778,0.644444444444444,-0.2,"Monona","Yearly","univariate EWS","rolling","phytoplankton"
"260","DIACYCLOPS",0.788,0.86,0.416,"Monona","Yearly","univariate EWS","rolling","phytoplankton"
"261","DIAPHANOSOMA",0.822222222222222,0.288888888888889,0.155555555555556,"Monona","Yearly","univariate EWS","rolling","phytoplankton"
"262","DIAPHANOSOMA",0.992,0.696,0.684,"Monona","Yearly","univariate EWS","rolling","phytoplankton"
"263","DIAPTOMID",0.111111111111111,0.733333333333333,-0.466666666666667,"Monona","Yearly","univariate EWS","rolling","phytoplankton"
"264","DIAPTOMID",0.6,0.928,0.19,"Monona","Yearly","univariate EWS","rolling","phytoplankton"
"265","LEPTODORA",0.0666666666666667,0.688888888888889,0.111111111111111,"Monona","Yearly","univariate EWS","rolling","phytoplankton"
"266","LEPTODORA",0.594,0.894,0.62,"Monona","Yearly","univariate EWS","rolling","phytoplankton"
"267","MESOCYCLOPS",0.0222222222222222,-0.244444444444444,-0.777777777777778,"Monona","Yearly","univariate EWS","rolling","phytoplankton"
"268","MESOCYCLOPS",0.498,0.362,0.026,"Monona","Yearly","univariate EWS","rolling","phytoplankton"
"269","SINOBOSMINA",0.0222222222222222,0.955555555555556,-0.155555555555556,"Monona","Yearly","univariate EWS","rolling","phytoplankton"
"270","SINOBOSMINA",0.522,1,0.446,"Monona","Yearly","univariate EWS","rolling","phytoplankton"
"271","TROPOCYCLOPS",0.377777777777778,0.866666666666667,-0.466666666666667,"Monona","Yearly","univariate EWS","rolling","phytoplankton"
"272","TROPOCYCLOPS",0.752,0.982,0.176,"Monona","Yearly","univariate EWS","rolling","phytoplankton"
"273","copepotide.i",0.0394636015325671,-0.946743295019157,0.359961685823755,"Kinneret","Monthly","univariate EWS","rolling","phytoplankton"
"274","copepotide.i",0.492,0,0.704,"Kinneret","Monthly","univariate EWS","rolling","phytoplankton"
"275","copepotide.ii",-0.15536398467433,-0.877011494252874,0.194827586206897,"Kinneret","Monthly","univariate EWS","rolling","phytoplankton"
"276","copepotide.ii",0.428,0.002,0.612,"Kinneret","Monthly","univariate EWS","rolling","phytoplankton"
"277","copepotide.iii",0.4727969348659,-0.374904214559387,0.475862068965517,"Kinneret","Monthly","univariate EWS","rolling","phytoplankton"
"278","copepotide.iii",0.814,0.312,0.794,"Kinneret","Monthly","univariate EWS","rolling","phytoplankton"
"279","copepotide.iv",-0.021264367816092,-0.379693486590038,-0.478544061302682,"Kinneret","Monthly","univariate EWS","rolling","phytoplankton"
"280","copepotide.iv",0.498,0.322,0.242,"Kinneret","Monthly","univariate EWS","rolling","phytoplankton"
"281","copepotide.v",0.276053639846743,-0.85727969348659,-0.197126436781609,"Kinneret","Monthly","univariate EWS","rolling","phytoplankton"
"282","copepotide.v",0.676,0.01,0.412,"Kinneret","Monthly","univariate EWS","rolling","phytoplankton"
"283","cyclopid.N.I.III",0.557854406130268,-0.823563218390805,0.291570881226054,"Kinneret","Monthly","univariate EWS","rolling","phytoplankton"
"284","cyclopid.N.I.III",0.834,0.016,0.676,"Kinneret","Monthly","univariate EWS","rolling","phytoplankton"
"285","cyclopoid.N.IV.VI",0.296551724137931,-0.910153256704981,-0.195210727969349,"Kinneret","Monthly","univariate EWS","rolling","phytoplankton"
"286","cyclopoid.N.IV.VI",0.684,0,0.388,"Kinneret","Monthly","univariate EWS","rolling","phytoplankton"
"287","Mesocyclops",-0.467432950191571,-0.97624521072797,-0.124904214559387,"Kinneret","Monthly","univariate EWS","rolling","phytoplankton"
"288","Mesocyclops",0.226,0,0.43,"Kinneret","Monthly","univariate EWS","rolling","phytoplankton"
"289","Thermocyclops",-0.840038314176245,-0.514367816091954,0.59367816091954,"Kinneret","Monthly","univariate EWS","rolling","phytoplankton"
"290","Thermocyclops",0.01,0.184,0.874,"Kinneret","Monthly","univariate EWS","rolling","phytoplankton"
"291","Diaphanosoma",-0.739463601532567,-0.861685823754789,-0.230651340996169,"Kinneret","Monthly","univariate EWS","rolling","phytoplankton"
"292","Diaphanosoma",0.05,0.002,0.352,"Kinneret","Monthly","univariate EWS","rolling","phytoplankton"
"293","Bosmina",-0.568007662835249,-0.853256704980843,-0.349616858237548,"Kinneret","Monthly","univariate EWS","rolling","phytoplankton"
"294","Bosmina",0.154,0.006,0.282,"Kinneret","Monthly","univariate EWS","rolling","phytoplankton"
"295","Ceriodaphnia",-0.0116858237547893,-0.352298850574713,-0.715134099616858,"Kinneret","Monthly","univariate EWS","rolling","phytoplankton"
"296","Ceriodaphnia",0.486,0.274,0.076,"Kinneret","Monthly","univariate EWS","rolling","phytoplankton"
"297","Chydorus",0.642911877394636,0.967049808429119,-0.025095785440613,"Kinneret","Monthly","univariate EWS","rolling","phytoplankton"
"298","Chydorus",0.914,1,0.504,"Kinneret","Monthly","univariate EWS","rolling","phytoplankton"
"299","Keratella",0.630842911877395,-0.953831417624521,-0.535249042145594,"Kinneret","Monthly","univariate EWS","rolling","phytoplankton"
"300","Keratella",0.896,0,0.18,"Kinneret","Monthly","univariate EWS","rolling","phytoplankton"
"301","AsplanPriod",-0.550383141762452,-0.302490421455939,-0.0024904214559387,"Kinneret","Monthly","univariate EWS","rolling","phytoplankton"
"302","AsplanPriod",0.142,0.358,0.478,"Kinneret","Monthly","univariate EWS","rolling","phytoplankton"
"303","SynchOblong",0.459961685823755,-0.560344827586207,-0.237547892720307,"Kinneret","Monthly","univariate EWS","rolling","phytoplankton"
"304","SynchOblong",0.792,0.172,0.35,"Kinneret","Monthly","univariate EWS","rolling","phytoplankton"
"305","Synchaeta",-0.601724137931035,-0.854406130268199,-0.188697318007663,"Kinneret","Monthly","univariate EWS","rolling","phytoplankton"
"306","Synchaeta",0.12,0.004,0.416,"Kinneret","Monthly","univariate EWS","rolling","phytoplankton"
"307","Polyarthra",-0.489272030651341,0.742911877394636,-0.0542145593869732,"Kinneret","Monthly","univariate EWS","rolling","phytoplankton"
"308","Polyarthra",0.218,0.956,0.51,"Kinneret","Monthly","univariate EWS","rolling","phytoplankton"
"309","Ascomorpha",0.6272030651341,-0.794444444444445,0.6772030651341,"Kinneret","Monthly","univariate EWS","rolling","phytoplankton"
"310","Ascomorpha",0.9,0.026,0.926,"Kinneret","Monthly","univariate EWS","rolling","phytoplankton"
"311","Hexarthra",0.706130268199234,-0.875095785440613,-0.260727969348659,"Kinneret","Monthly","univariate EWS","rolling","phytoplankton"
"312","Hexarthra",0.938,0,0.352,"Kinneret","Monthly","univariate EWS","rolling","phytoplankton"
"313","Brachionus",0.210919540229885,-0.868199233716475,0.0685823754789272,"Kinneret","Monthly","univariate EWS","rolling","phytoplankton"
"314","Brachionus",0.64,0,0.536,"Kinneret","Monthly","univariate EWS","rolling","phytoplankton"
"315","Anuraeopsis",-0.221647509578544,0.938314176245211,0.17088122605364,"Kinneret","Monthly","univariate EWS","rolling","phytoplankton"
"316","Anuraeopsis",0.352,1,0.656,"Kinneret","Monthly","univariate EWS","rolling","phytoplankton"
"317","Alona",0.2079615648593,-0.165865934568749,-0.209334248455731,"Kasumigaura","Monthly","univariate EWS","rolling","phytoplankton"
"318","Alona",0.604,0.446,0.398,"Kasumigaura","Monthly","univariate EWS","rolling","phytoplankton"
"319","Anuraeopsis",0.793182338137726,0.943262411347518,-0.252345001143903,"Kasumigaura","Monthly","univariate EWS","rolling","phytoplankton"
"320","Anuraeopsis",0.984,1,0.328,"Kasumigaura","Monthly","univariate EWS","rolling","phytoplankton"
"321","Asplanchna",0.366735300846488,0.0999771219400595,0.182795698924731,"Kasumigaura","Monthly","univariate EWS","rolling","phytoplankton"
"322","Asplanchna",0.678,0.558,0.616,"Kasumigaura","Monthly","univariate EWS","rolling","phytoplankton"
"323","Bosmina",-0.57035003431709,-0.759322809425761,0.673301304049417,"Kasumigaura","Monthly","univariate EWS","rolling","phytoplankton"
"324","Bosmina",0.162,0.04,0.918,"Kasumigaura","Monthly","univariate EWS","rolling","phytoplankton"
"325","Brachionus",-0.20841912605811,0.821551132463967,0.810569663692519,"Kasumigaura","Monthly","univariate EWS","rolling","phytoplankton"
"326","Brachionus",0.406,0.99,0.974,"Kasumigaura","Monthly","univariate EWS","rolling","phytoplankton"
"327","Calanoida",0.741935483870968,0.74468085106383,-0.494394875314573,"Kasumigaura","Monthly","univariate EWS","rolling","phytoplankton"
"328","Calanoida",0.96,0.962,0.152,"Kasumigaura","Monthly","univariate EWS","rolling","phytoplankton"
"329","Ceriodaphnia",0.523221230839625,-0.762525737817433,-0.212537176847403,"Kasumigaura","Monthly","univariate EWS","rolling","phytoplankton"
"330","Ceriodaphnia",0.816,0.026,0.352,"Kasumigaura","Monthly","univariate EWS","rolling","phytoplankton"
"331","Chydorus",-0.0290551361244566,-0.832990162434226,-0.0995195607412491,"Kasumigaura","Monthly","univariate EWS","rolling","phytoplankton"
"332","Chydorus",0.444,0.016,0.412,"Kasumigaura","Monthly","univariate EWS","rolling","phytoplankton"
"333","Conochiloides",-0.739190116678106,-0.412948981926333,-0.0825897963852665,"Kasumigaura","Monthly","univariate EWS","rolling","phytoplankton"
"334","Conochiloides",0.042,0.286,0.428,"Kasumigaura","Monthly","univariate EWS","rolling","phytoplankton"
"335","Conochilus",0.213909860443834,0.78540379775795,0.571265156714711,"Kasumigaura","Monthly","univariate EWS","rolling","phytoplankton"
"336","Conochilus",0.608,0.976,0.874,"Kasumigaura","Monthly","univariate EWS","rolling","phytoplankton"
"337","Cyclopoida",0.730496453900709,0.74468085106383,-0.251887439945093,"Kasumigaura","Monthly","univariate EWS","rolling","phytoplankton"
"338","Cyclopoida",0.954,0.942,0.328,"Kasumigaura","Monthly","univariate EWS","rolling","phytoplankton"
"339","Cyclops",0.210249370853352,-0.891100434683139,-0.426218256691833,"Kasumigaura","Monthly","univariate EWS","rolling","phytoplankton"
"340","Cyclops",0.64,0.004,0.234,"Kasumigaura","Monthly","univariate EWS","rolling","phytoplankton"
"341","Daphnia",0.910775566231984,0.137039579043697,-0.909860443834363,"Kasumigaura","Monthly","univariate EWS","rolling","phytoplankton"
"342","Daphnia",1,0.522,0,"Kasumigaura","Monthly","univariate EWS","rolling","phytoplankton"
"343","Diaphanosoma",0.601921757035003,-0.58316174788378,-0.286662091054679,"Kasumigaura","Monthly","univariate EWS","rolling","phytoplankton"
"344","Diaphanosoma",0.876,0.17,0.298,"Kasumigaura","Monthly","univariate EWS","rolling","phytoplankton"
"345","Eodiaptomus",-0.763898421413864,-0.832990162434226,0.748341340654312,"Kasumigaura","Monthly","univariate EWS","rolling","phytoplankton"
"346","Eodiaptomus",0.032,0.016,0.97,"Kasumigaura","Monthly","univariate EWS","rolling","phytoplankton"
"347","Euchlanis",-0.612903225806452,-0.71859986273164,0.876458476321208,"Kasumigaura","Monthly","univariate EWS","rolling","phytoplankton"
"348","Euchlanis",0.112,0.062,1,"Kasumigaura","Monthly","univariate EWS","rolling","phytoplankton"
"349","Filinia",0.209334248455731,0.767101349805536,-0.208876687256921,"Kasumigaura","Monthly","univariate EWS","rolling","phytoplankton"
"350","Filinia",0.582,0.972,0.348,"Kasumigaura","Monthly","univariate EWS","rolling","phytoplankton"
"351","Hexarthra",0.200640585678334,-0.9601921757035,0.824754060855639,"Kasumigaura","Monthly","univariate EWS","rolling","phytoplankton"
"352","Hexarthra",0.598,0,0.99,"Kasumigaura","Monthly","univariate EWS","rolling","phytoplankton"
"353","Keratella",0.359871882864333,0.895218485472432,0.292610386639213,"Kasumigaura","Monthly","univariate EWS","rolling","phytoplankton"
"354","Keratella",0.694,1,0.708,"Kasumigaura","Monthly","univariate EWS","rolling","phytoplankton"
"355","Moina",0.538320750400366,-0.661404712880348,-0.330587966140471,"Kasumigaura","Monthly","univariate EWS","rolling","phytoplankton"
"356","Moina",0.808,0.094,0.28,"Kasumigaura","Monthly","univariate EWS","rolling","phytoplankton"
"357","Pleuroxus",0.662777396476779,0.90619995424388,0.548387096774194,"Kasumigaura","Monthly","univariate EWS","rolling","phytoplankton"
"358","Pleuroxus",0.93,1,0.884,"Kasumigaura","Monthly","univariate EWS","rolling","phytoplankton"
"359","Polyarthra",0.255090368336765,0.941432166552276,0.590940288263555,"Kasumigaura","Monthly","univariate EWS","rolling","phytoplankton"
"360","Polyarthra",0.63,1,0.85,"Kasumigaura","Monthly","univariate EWS","rolling","phytoplankton"
"361","Pompholyx",0.280713795470144,0.680622283230382,0.169068862960421,"Kasumigaura","Monthly","univariate EWS","rolling","phytoplankton"
"362","Pompholyx",0.656,0.918,0.606,"Kasumigaura","Monthly","univariate EWS","rolling","phytoplankton"
"363","Pseudodiaptomus",-0.638526652939831,-0.85175017158545,-0.585449553877831,"Kasumigaura","Monthly","univariate EWS","rolling","phytoplankton"
"364","Pseudodiaptomus",0.106,0.004,0.102,"Kasumigaura","Monthly","univariate EWS","rolling","phytoplankton"
"365","Synchaeta",0.669183253260124,-0.358499199267902,-0.198352779684283,"Kasumigaura","Monthly","univariate EWS","rolling","phytoplankton"
"366","Synchaeta",0.93,0.302,0.38,"Kasumigaura","Monthly","univariate EWS","rolling","phytoplankton"
"367","Thermocyclops",-0.474262182566918,-0.884237016700984,0.568519789521849,"Kasumigaura","Monthly","univariate EWS","rolling","phytoplankton"
"368","Thermocyclops",0.212,0.004,0.858,"Kasumigaura","Monthly","univariate EWS","rolling","phytoplankton"
"369","Alona",0.437800208840933,0.924678036895232,0.28381482770623,"Lower Zurich","Monthly","univariate EWS","rolling","phytoplankton"
"370","Alona",0.8,1,0.696,"Lower Zurich","Monthly","univariate EWS","rolling","phytoplankton"
"371","Asplanchna",-0.0151061608075183,-0.169509223807866,-0.142777584406544,"Lower Zurich","Monthly","univariate EWS","rolling","phytoplankton"
"372","Asplanchna",0.44,0.42,0.414,"Lower Zurich","Monthly","univariate EWS","rolling","phytoplankton"
"373","Bosmina",-0.632996867386008,-0.665019143752176,0.736303515489036,"Lower Zurich","Monthly","univariate EWS","rolling","phytoplankton"
"374","Bosmina",0.132,0.084,0.938,"Lower Zurich","Monthly","univariate EWS","rolling","phytoplankton"
"375","Bythotrephes",-0.487782805429864,-0.95572572224156,-0.0123216150365472,"Lower Zurich","Monthly","univariate EWS","rolling","phytoplankton"
"376","Bythotrephes",0.182,0,0.482,"Lower Zurich","Monthly","univariate EWS","rolling","phytoplankton"
"377","Canthocamptus",-0.221441002436478,0.0520013922728855,-0.205151409676297,"Lower Zurich","Monthly","univariate EWS","rolling","phytoplankton"
"378","Canthocamptus",0.37,0.508,0.346,"Lower Zurich","Monthly","univariate EWS","rolling","phytoplankton"
"379","Ceriodaphnia",-0.893491124260355,-0.480960668290985,0.405499477897668,"Lower Zurich","Monthly","univariate EWS","rolling","phytoplankton"
"380","Ceriodaphnia",0.002,0.222,0.776,"Lower Zurich","Monthly","univariate EWS","rolling","phytoplankton"
"381","Chaoborus",-0.203063000348068,0.864253393665159,0.120501218238775,"Lower Zurich","Monthly","univariate EWS","rolling","phytoplankton"
"382","Chaoborus",0.382,0.998,0.558,"Lower Zurich","Monthly","univariate EWS","rolling","phytoplankton"
"383","Cyclops",-0.636756004176819,-0.584963452836756,-0.343543334493561,"Lower Zurich","Monthly","univariate EWS","rolling","phytoplankton"
"384","Cyclops",0.098,0.118,0.274,"Lower Zurich","Monthly","univariate EWS","rolling","phytoplankton"
"385","Daphnia",-0.262513052558301,-0.772920292377306,-0.359136790810999,"Lower Zurich","Monthly","univariate EWS","rolling","phytoplankton"
"386","Daphnia",0.374,0.024,0.244,"Lower Zurich","Monthly","univariate EWS","rolling","phytoplankton"
"387","Daphniidae",-0.676296554124609,-0.439888618169161,-0.239122868082144,"Lower Zurich","Monthly","univariate EWS","rolling","phytoplankton"
"388","Daphniidae",0.07,0.27,0.344,"Lower Zurich","Monthly","univariate EWS","rolling","phytoplankton"
"389","Diacyclops",-0.678384963452837,-0.868708666898712,-0.185798816568047,"Lower Zurich","Monthly","univariate EWS","rolling","phytoplankton"
"390","Diacyclops",0.072,0.008,0.368,"Lower Zurich","Monthly","univariate EWS","rolling","phytoplankton"
"391","Diaphanosoma",0.439470936303516,0.282561782109293,0.626731639401323,"Lower Zurich","Monthly","univariate EWS","rolling","phytoplankton"
"392","Diaphanosoma",0.796,0.644,0.926,"Lower Zurich","Monthly","univariate EWS","rolling","phytoplankton"
"393","Diaptomus",-0.762199791159067,-0.359415245388096,-0.764288200487296,"Lower Zurich","Monthly","univariate EWS","rolling","phytoplankton"
"394","Diaptomus",0.04,0.288,0.038,"Lower Zurich","Monthly","univariate EWS","rolling","phytoplankton"
"395","Eudiaptomus",-0.256108597285068,-0.758858336233902,-0.303585102680125,"Lower Zurich","Monthly","univariate EWS","rolling","phytoplankton"
"396","Eudiaptomus",0.338,0.032,0.296,"Lower Zurich","Monthly","univariate EWS","rolling","phytoplankton"
"397","Leptodora",-0.285485555168813,-0.895301079011486,-0.464671075530804,"Lower Zurich","Monthly","univariate EWS","rolling","phytoplankton"
"398","Leptodora",0.35,0.004,0.18,"Lower Zurich","Monthly","univariate EWS","rolling","phytoplankton"
"399","Megacyclops",0.553637312913331,0.392272885485555,-0.256247824573616,"Lower Zurich","Monthly","univariate EWS","rolling","phytoplankton"
"400","Megacyclops",0.846,0.722,0.308,"Lower Zurich","Monthly","univariate EWS","rolling","phytoplankton"
"401","Mesocyclops",-0.833623390184476,0.73393665158371,0.266411416637661,"Lower Zurich","Monthly","univariate EWS","rolling","phytoplankton"
"402","Mesocyclops",0.01,0.942,0.618,"Lower Zurich","Monthly","univariate EWS","rolling","phytoplankton"
"403","Polyphemus",0.72627915071354,0.94987817612252,0.409676296554125,"Lower Zurich","Monthly","univariate EWS","rolling","phytoplankton"
"404","Polyphemus",0.958,1,0.776,"Lower Zurich","Monthly","univariate EWS","rolling","phytoplankton"
"405","ACANTHOCYCLOPS",-0.638655462184874,-0.593837535014005,-0.715406162464986,"Mendota","Monthly","univariate EWS","rolling","phytoplankton"
"406","ACANTHOCYCLOPS",0.112,0.116,0.036,"Mendota","Monthly","univariate EWS","rolling","phytoplankton"
"407","AGLAODIAPTOMUS",0.28235294117647,0.657142857142857,0.795518207282913,"Mendota","Monthly","univariate EWS","rolling","phytoplankton"
"408","AGLAODIAPTOMUS",0.682,0.886,0.994,"Mendota","Monthly","univariate EWS","rolling","phytoplankton"
"409","ALONA",0.125490196078431,-0.907002801120448,-0.510364145658263,"Mendota","Monthly","univariate EWS","rolling","phytoplankton"
"410","ALONA",0.53,0.002,0.144,"Mendota","Monthly","univariate EWS","rolling","phytoplankton"
"411","CALANOID",-0.517647058823529,-0.941736694677871,-0.446498599439776,"Mendota","Monthly","univariate EWS","rolling","phytoplankton"
"412","CALANOID",0.21,0,0.182,"Mendota","Monthly","univariate EWS","rolling","phytoplankton"
"413","CHYDORUS",-0.253221288515406,-0.879551820728291,-0.402240896358543,"Mendota","Monthly","univariate EWS","rolling","phytoplankton"
"414","CHYDORUS",0.366,0,0.214,"Mendota","Monthly","univariate EWS","rolling","phytoplankton"
"415","COPEPOD",-0.464425770308123,-0.890756302521008,0.504761904761905,"Mendota","Monthly","univariate EWS","rolling","phytoplankton"
"416","COPEPOD",0.228,0,0.774,"Mendota","Monthly","univariate EWS","rolling","phytoplankton"
"417","COPEPODITES",-0.0408963585434174,0.889635854341737,0.104201680672269,"Mendota","Monthly","univariate EWS","rolling","phytoplankton"
"418","COPEPODITES",0.466,1,0.596,"Mendota","Monthly","univariate EWS","rolling","phytoplankton"
"419","CYCLOPOID",-0.621288515406162,-0.749019607843137,0.717647058823529,"Mendota","Monthly","univariate EWS","rolling","phytoplankton"
"420","CYCLOPOID",0.14,0.038,0.948,"Mendota","Monthly","univariate EWS","rolling","phytoplankton"
"421","DAPHNIA",0.65546218487395,-0.0896358543417367,0.872268907563025,"Mendota","Monthly","univariate EWS","rolling","phytoplankton"
"422","DAPHNIA",0.912,0.466,0.998,"Mendota","Monthly","univariate EWS","rolling","phytoplankton"
"423","DIACYCLOPS",-0.633053221288515,-0.872268907563025,-0.0638655462184874,"Mendota","Monthly","univariate EWS","rolling","phytoplankton"
"424","DIACYCLOPS",0.126,0.002,0.476,"Mendota","Monthly","univariate EWS","rolling","phytoplankton"
"425","DIAPHANOSOMA",0.146218487394958,-0.687394957983193,-0.31484593837535,"Mendota","Monthly","univariate EWS","rolling","phytoplankton"
"426","DIAPHANOSOMA",0.614,0.076,0.258,"Mendota","Monthly","univariate EWS","rolling","phytoplankton"
"427","DIAPTOMID",0.147899159663866,-0.357422969187675,-0.0504201680672269,"Mendota","Monthly","univariate EWS","rolling","phytoplankton"
"428","DIAPTOMID",0.574,0.284,0.476,"Mendota","Monthly","univariate EWS","rolling","phytoplankton"
"429","HARPACTICOID",0.0184873949579832,-0.858823529411765,-0.678991596638655,"Mendota","Monthly","univariate EWS","rolling","phytoplankton"
"430","HARPACTICOID",0.528,0.01,0.07,"Mendota","Monthly","univariate EWS","rolling","phytoplankton"
"431","LEPTODORA",0.127731092436975,-0.924929971988795,-0.487955182072829,"Mendota","Monthly","univariate EWS","rolling","phytoplankton"
"432","LEPTODORA",0.536,0,0.148,"Mendota","Monthly","univariate EWS","rolling","phytoplankton"
"433","MESOCYCLOPS",-0.0263305322128852,-0.810084033613445,0.072829131652661,"Mendota","Monthly","univariate EWS","rolling","phytoplankton"
"434","MESOCYCLOPS",0.478,0.024,0.504,"Mendota","Monthly","univariate EWS","rolling","phytoplankton"
"435","SINOBOSMINA",0.755182072829132,0.786554621848739,-0.672829131652661,"Mendota","Monthly","univariate EWS","rolling","phytoplankton"
"436","SINOBOSMINA",0.96,0.982,0.064,"Mendota","Monthly","univariate EWS","rolling","phytoplankton"
"437","TROPOCYCLOPS",0.397759103641457,0.614565826330532,-0.43641456582633,"Mendota","Monthly","univariate EWS","rolling","phytoplankton"
"438","TROPOCYCLOPS",0.7,0.912,0.234,"Mendota","Monthly","univariate EWS","rolling","phytoplankton"
"439","zoobiomass",0.201119552179128,-0.554578168732507,-0.762228441956551,"Windermere","Monthly","univariate EWS","rolling","phytoplankton"
"440","zoobiomass",0.602,0.178,0.01,"Windermere","Monthly","univariate EWS","rolling","phytoplankton"
"441","Bosmina",-0.522324403571904,-0.0225243236038918,0.839797414367586,"Windermere","Monthly","univariate EWS","rolling","phytoplankton"
"442","Bosmina",0.202,0.486,0.992,"Windermere","Monthly","univariate EWS","rolling","phytoplankton"
"443","Daphnia",-0.425829668132747,-0.460215913634546,0.764360922297747,"Windermere","Monthly","univariate EWS","rolling","phytoplankton"
"444","Daphnia",0.254,0.236,0.962,"Windermere","Monthly","univariate EWS","rolling","phytoplankton"
"445","TotCalanoids",0.0747700919632147,-0.299213647874184,-0.55244568839131,"Windermere","Monthly","univariate EWS","rolling","phytoplankton"
"446","TotCalanoids",0.564,0.36,0.176,"Windermere","Monthly","univariate EWS","rolling","phytoplankton"
"447","TotCyclopoids",0.0462481673997068,-0.671598027455684,0.235772357723577,"Windermere","Monthly","univariate EWS","rolling","phytoplankton"
"448","TotCyclopoids",0.524,0.096,0.628,"Windermere","Monthly","univariate EWS","rolling","phytoplankton"
"449","conochilus",0.486756832910679,0.184277261200338,0.7690898844745,"Washington","Monthly","univariate EWS","rolling","phytoplankton"
"450","conochilus",0.772,0.598,0.968,"Washington","Monthly","univariate EWS","rolling","phytoplankton"
"451","cyclops",-0.78923640462102,0.126514511129896,-0.263877148492533,"Washington","Monthly","univariate EWS","rolling","phytoplankton"
"452","cyclops",0.028,0.572,0.366,"Washington","Monthly","univariate EWS","rolling","phytoplankton"
"453","daphnia",-0.875598760214145,0.883770076077768,-0.323753169907016,"Washington","Monthly","univariate EWS","rolling","phytoplankton"
"454","daphnia",0,1,0.294,"Washington","Monthly","univariate EWS","rolling","phytoplankton"
"455","diaptomus",-0.75795998872922,-0.51127078050155,-0.610735418427726,"Washington","Monthly","univariate EWS","rolling","phytoplankton"
"456","diaptomus",0.03,0.206,0.11,"Washington","Monthly","univariate EWS","rolling","phytoplankton"
"457","epischura",-0.455339532262609,0.418005071851226,0.253874330797408,"Washington","Monthly","univariate EWS","rolling","phytoplankton"
"458","epischura",0.214,0.762,0.658,"Washington","Monthly","univariate EWS","rolling","phytoplankton"
"459","leptodora",-0.5694561848408,0.679628064243449,0.0815722738799662,"Washington","Monthly","univariate EWS","rolling","phytoplankton"
"460","leptodora",0.15,0.934,0.604,"Washington","Monthly","univariate EWS","rolling","phytoplankton"
"461","neomysis",-0.393209354747816,-0.209918286841364,0.338264299802761,"Washington","Monthly","univariate EWS","rolling","phytoplankton"
"462","neomysis",0.21,0.404,0.728,"Washington","Monthly","univariate EWS","rolling","phytoplankton"
"463","nonDaphnid.cladocerans",0.379120879120879,-0.779092702169625,0.12778247393632,"Washington","Monthly","univariate EWS","rolling","phytoplankton"
"464","nonDaphnid.cladocerans",0.686,0.034,0.566,"Washington","Monthly","univariate EWS","rolling","phytoplankton"
"465","nc.rotifers",-0.65905888982812,0.276556776556777,-0.252465483234714,"Washington","Monthly","univariate EWS","rolling","phytoplankton"
"466","nc.rotifers",0.098,0.622,0.35,"Washington","Monthly","univariate EWS","rolling","phytoplankton"
"467","Cyclops",-0.848940533151059,-0.771018455228981,0.714969241285031,"Loch Leven","Monthly","univariate EWS","rolling","phytoplankton"
"468","Cyclops",0.012,0.048,0.936,"Loch Leven","Monthly","univariate EWS","rolling","phytoplankton"
"469","Eudiaptomus",-0.534518113465482,0.809295967190704,-0.425153793574846,"Loch Leven","Monthly","univariate EWS","rolling","phytoplankton"
"470","Eudiaptomus",0.176,0.98,0.26,"Loch Leven","Monthly","univariate EWS","rolling","phytoplankton"
"471","Alona",0.695742471443406,0.856697819314642,-0.168570439598477,"Upper Zurich","Monthly","univariate EWS","rolling","phytoplankton"
"472","Alona",0.936,0.996,0.37,"Upper Zurich","Monthly","univariate EWS","rolling","phytoplankton"
"473","Asplanchna",0.0816891658013153,0.727587400484597,0.261682242990654,"Upper Zurich","Monthly","univariate EWS","rolling","phytoplankton"
"474","Asplanchna",0.542,0.944,0.65,"Upper Zurich","Monthly","univariate EWS","rolling","phytoplankton"
"475","Bosmina",0.000346140533056421,-0.78920041536864,-0.202492211838006,"Upper Zurich","Monthly","univariate EWS","rolling","phytoplankton"
"476","Bosmina",0.476,0.026,0.378,"Upper Zurich","Monthly","univariate EWS","rolling","phytoplankton"
"477","Bythotrephes",-0.693665628245067,-0.611630321910696,-0.03288335064036,"Upper Zurich","Monthly","univariate EWS","rolling","phytoplankton"
"478","Bythotrephes",0.076,0.14,0.49,"Upper Zurich","Monthly","univariate EWS","rolling","phytoplankton"
"479","Canthocamptus",0.189338871581862,0.734164070612669,0.42644513672551,"Upper Zurich","Monthly","univariate EWS","rolling","phytoplankton"
"480","Canthocamptus",0.62,0.958,0.792,"Upper Zurich","Monthly","univariate EWS","rolling","phytoplankton"
"481","Ceriodaphnia",-0.694011768778124,-0.150224991346487,0.0844582900657667,"Upper Zurich","Monthly","univariate EWS","rolling","phytoplankton"
"482","Ceriodaphnia",0.066,0.448,0.558,"Upper Zurich","Monthly","univariate EWS","rolling","phytoplankton"
"483","Chaoborus",-0.379023883696781,0.921079958463136,0.0411907234337141,"Upper Zurich","Monthly","univariate EWS","rolling","phytoplankton"
"484","Chaoborus",0.296,1,0.506,"Upper Zurich","Monthly","univariate EWS","rolling","phytoplankton"
"485","Cyclops",-0.642782969885774,-0.727587400484597,-0.0439598476981654,"Upper Zurich","Monthly","univariate EWS","rolling","phytoplankton"
"486","Cyclops",0.092,0.056,0.47,"Upper Zurich","Monthly","univariate EWS","rolling","phytoplankton"
"487","Daphnia",-0.294565593631014,-0.882312218760817,-0.187954309449637,"Upper Zurich","Monthly","univariate EWS","rolling","phytoplankton"
"488","Daphnia",0.322,0.002,0.436,"Upper Zurich","Monthly","univariate EWS","rolling","phytoplankton"
"489","Daphniidae",-0.213222568362755,0.155417099342333,0.00519210799584631,"Upper Zurich","Monthly","univariate EWS","rolling","phytoplankton"
"490","Daphniidae",0.402,0.592,0.486,"Upper Zurich","Monthly","univariate EWS","rolling","phytoplankton"
"491","Diacyclops",-0.5957078573901,-0.569747317410869,-0.313949463482174,"Upper Zurich","Monthly","univariate EWS","rolling","phytoplankton"
"492","Diacyclops",0.138,0.182,0.294,"Upper Zurich","Monthly","univariate EWS","rolling","phytoplankton"
"493","Diaphanosoma",0.487019730010384,0.36656282450675,0.251298026998962,"Upper Zurich","Monthly","univariate EWS","rolling","phytoplankton"
"494","Diaphanosoma",0.806,0.726,0.698,"Upper Zurich","Monthly","univariate EWS","rolling","phytoplankton"
"495","Diaptomus",-0.659397715472482,-0.298719280027691,-0.735894773277951,"Upper Zurich","Monthly","univariate EWS","rolling","phytoplankton"
"496","Diaptomus",0.102,0.328,0.044,"Upper Zurich","Monthly","univariate EWS","rolling","phytoplankton"
"497","Eudiaptomus",-0.39356178608515,-0.730356524749048,-0.340948425060575,"Upper Zurich","Monthly","univariate EWS","rolling","phytoplankton"
"498","Eudiaptomus",0.242,0.056,0.296,"Upper Zurich","Monthly","univariate EWS","rolling","phytoplankton"
"499","Leptodora",-0.505365178262374,-0.884389061959155,-0.373831775700935,"Upper Zurich","Monthly","univariate EWS","rolling","phytoplankton"
"500","Leptodora",0.174,0.002,0.238,"Upper Zurich","Monthly","univariate EWS","rolling","phytoplankton"
"501","Megacyclops",0.581169955001731,0.915195569401177,0.129110418830045,"Upper Zurich","Monthly","univariate EWS","rolling","phytoplankton"
"502","Megacyclops",0.85,1,0.638,"Upper Zurich","Monthly","univariate EWS","rolling","phytoplankton"
"503","Mesocyclops",-0.496365524402907,0.330564209068882,0.702665282104534,"Upper Zurich","Monthly","univariate EWS","rolling","phytoplankton"
"504","Mesocyclops",0.23,0.67,0.93,"Upper Zurich","Monthly","univariate EWS","rolling","phytoplankton"
"505","Polyphemus",0.730010384215992,0.8576373896245,-0.379575942572458,"Upper Zurich","Monthly","univariate EWS","rolling","phytoplankton"
"506","Polyphemus",0.958,0.99,0.264,"Upper Zurich","Monthly","univariate EWS","rolling","phytoplankton"
"507","ACANTHOCYCLOPS",-0.372525252525253,-0.743838383838384,0.68040404040404,"Monona","Monthly","univariate EWS","rolling","phytoplankton"
"508","ACANTHOCYCLOPS",0.28,0.048,0.948,"Monona","Monthly","univariate EWS","rolling","phytoplankton"
"509","AGLAODIAPTOMUS",0.861414141414141,0.128484848484848,0.345454545454545,"Monona","Monthly","univariate EWS","rolling","phytoplankton"
"510","AGLAODIAPTOMUS",0.996,0.574,0.704,"Monona","Monthly","univariate EWS","rolling","phytoplankton"
"511","ALONA",-0.46020202020202,-0.877979797979798,-0.376565656565657,"Monona","Monthly","univariate EWS","rolling","phytoplankton"
"512","ALONA",0.214,0.004,0.23,"Monona","Monthly","univariate EWS","rolling","phytoplankton"
"513","BYTHOTREPHES",0.183030303030303,0.893737373737374,-0.0476767676767677,"Monona","Monthly","univariate EWS","rolling","phytoplankton"
"514","BYTHOTREPHES",0.592,1,0.474,"Monona","Monthly","univariate EWS","rolling","phytoplankton"
"515","CALANOID",-0.652929292929293,-0.701010101010101,0.581818181818182,"Monona","Monthly","univariate EWS","rolling","phytoplankton"
"516","CALANOID",0.102,0.07,0.858,"Monona","Monthly","univariate EWS","rolling","phytoplankton"
"517","CHYDORUS",0.492525252525253,-0.538989898989899,-0.805656565656566,"Monona","Monthly","univariate EWS","rolling","phytoplankton"
"518","CHYDORUS",0.79,0.172,0.006,"Monona","Monthly","univariate EWS","rolling","phytoplankton"
"519","COPEPOD",0.311111111111111,-0.54989898989899,-0.321212121212121,"Monona","Monthly","univariate EWS","rolling","phytoplankton"
"520","COPEPOD",0.684,0.15,0.302,"Monona","Monthly","univariate EWS","rolling","phytoplankton"
"521","COPEPODITES",0.552727272727273,0.906666666666667,0.288080808080808,"Monona","Monthly","univariate EWS","rolling","phytoplankton"
"522","COPEPODITES",0.844,1,0.684,"Monona","Monthly","univariate EWS","rolling","phytoplankton"
"523","CYCLOPOID",-0.648888888888889,-0.722424242424242,0.0157575757575758,"Monona","Monthly","univariate EWS","rolling","phytoplankton"
"524","CYCLOPOID",0.132,0.058,0.478,"Monona","Monthly","univariate EWS","rolling","phytoplankton"
"525","DAPHNIA",0.718787878787879,0.307474747474747,0.607676767676768,"Monona","Monthly","univariate EWS","rolling","phytoplankton"
"526","DAPHNIA",0.956,0.67,0.88,"Monona","Monthly","univariate EWS","rolling","phytoplankton"
"527","DIACYCLOPS",0.54949494949495,0.626262626262626,0.206464646464646,"Monona","Monthly","univariate EWS","rolling","phytoplankton"
"528","DIACYCLOPS",0.85,0.888,0.61,"Monona","Monthly","univariate EWS","rolling","phytoplankton"
"529","DIAPHANOSOMA",0.834343434343434,0.483636363636364,-0.599191919191919,"Monona","Monthly","univariate EWS","rolling","phytoplankton"
"530","DIAPHANOSOMA",0.98,0.752,0.092,"Monona","Monthly","univariate EWS","rolling","phytoplankton"
"531","DIAPTOMID",0.513131313131313,0.844040404040404,0.153131313131313,"Monona","Monthly","univariate EWS","rolling","phytoplankton"
"532","DIAPTOMID",0.836,0.984,0.598,"Monona","Monthly","univariate EWS","rolling","phytoplankton"
"533","LEPTODORA",0.753131313131313,0.576969696969697,0.566868686868687,"Monona","Monthly","univariate EWS","rolling","phytoplankton"
"534","LEPTODORA",0.954,0.842,0.866,"Monona","Monthly","univariate EWS","rolling","phytoplankton"
"535","MESOCYCLOPS",-0.259393939393939,-0.28969696969697,-0.478787878787879,"Monona","Monthly","univariate EWS","rolling","phytoplankton"
"536","MESOCYCLOPS",0.376,0.342,0.162,"Monona","Monthly","univariate EWS","rolling","phytoplankton"
"537","SINOBOSMINA",0.465858585858586,0.903030303030303,0.26989898989899,"Monona","Monthly","univariate EWS","rolling","phytoplankton"
"538","SINOBOSMINA",0.764,0.998,0.67,"Monona","Monthly","univariate EWS","rolling","phytoplankton"
"539","TROPOCYCLOPS",0.0751515151515151,0.265050505050505,0.0682828282828283,"Monona","Monthly","univariate EWS","rolling","phytoplankton"
"540","TROPOCYCLOPS",0.48,0.676,0.542,"Monona","Monthly","univariate EWS","rolling","phytoplankton"
